sample	fq1	fq2
5	11522_11845_115462_H3HCVAFX2_5_GCCTTCTT_GAATGCGA_R1.fastq.gz	11522_11845_115462_H3HCVAFX2_5_GCCTTCTT_GAATGCGA_R2.fastq.gz
6	11522_11845_115462_H3HCVAFX2_6_GTGGTATG_GAATGCGA_R1.fastq.gz	11522_11845_115462_H3HCVAFX2_6_GTGGTATG_GAATGCGA_R2.fastq.gz
7	11522_11845_115462_H3HCVAFX2_7_TCTAGGAG_GAATGCGA_R1.fastq.gz	11522_11845_115462_H3HCVAFX2_7_TCTAGGAG_GAATGCGA_R2.fastq.gz
8	11522_11845_115462_H3HCVAFX2_8_TTGCAACG_GAATGCGA_R1.fastq.gz	11522_11845_115462_H3HCVAFX2_8_TTGCAACG_GAATGCGA_R2.fastq.gz
BSM1A_10	11522_11845_115462_H3HCVAFX2_BSM1A_10_CCAGTATC_GAATGCGA_R1.fastq.gz	11522_11845_115462_H3HCVAFX2_BSM1A_10_CCAGTATC_GAATGCGA_R2.fastq.gz
BSM2A_11	11522_11845_115462_H3HCVAFX2_BSM2A_11_CTCGACTT_GAATGCGA_R1.fastq.gz	11522_11845_115462_H3HCVAFX2_BSM2A_11_CTCGACTT_GAATGCGA_R2.fastq.gz
BSM3A3	11522_11845_115462_H3HCVAFX2_BSM3A3_CCTCGTTA_GAATGCGA_R1.fastq.gz	11522_11845_115462_H3HCVAFX2_BSM3A3_CCTCGTTA_GAATGCGA_R2.fastq.gz
BSM4A4	11522_11845_115462_H3HCVAFX2_BSM4A4_CTCTCAGA_GAATGCGA_R1.fastq.gz	11522_11845_115462_H3HCVAFX2_BSM4A4_CTCTCAGA_GAATGCGA_R2.fastq.gz
BSM5A_12	11522_11845_115462_H3HCVAFX2_BSM5A_12_GCCTATGT_GAATGCGA_R1.fastq.gz	11522_11845_115462_H3HCVAFX2_BSM5A_12_GCCTATGT_GAATGCGA_R2.fastq.gz
Ecoli_Hackflex_10_Takara_01ng_noTSB_a	11522_11845_115462_H3HCVAFX2_Ecoli_Hackflex_10_Takara_01ng_noTSB_a_GTAGAGGA_ATAGAGAG_R1.fastq.gz	11522_11845_115462_H3HCVAFX2_Ecoli_Hackflex_10_Takara_01ng_noTSB_a_GTAGAGGA_ATAGAGAG_R2.fastq.gz
Ecoli_Hackflex_10_Takara_01ng_noTSB_b	11522_11845_115462_H3HCVAFX2_Ecoli_Hackflex_10_Takara_01ng_noTSB_b_GTAGAGGA_TACTCCTT_R1.fastq.gz	11522_11845_115462_H3HCVAFX2_Ecoli_Hackflex_10_Takara_01ng_noTSB_b_GTAGAGGA_TACTCCTT_R2.fastq.gz
Ecoli_Hackflex_10_Takara_01ng_TSB_a	11522_11845_115462_H3HCVAFX2_Ecoli_Hackflex_10_Takara_01ng_TSB_a_AAGAGGCA_ATAGAGAG_R1.fastq.gz	11522_11845_115462_H3HCVAFX2_Ecoli_Hackflex_10_Takara_01ng_TSB_a_AAGAGGCA_ATAGAGAG_R2.fastq.gz
Ecoli_Hackflex_10_Takara_01ng_TSB_b	11522_11845_115462_H3HCVAFX2_Ecoli_Hackflex_10_Takara_01ng_TSB_b_AAGAGGCA_TACTCCTT_R1.fastq.gz	11522_11845_115462_H3HCVAFX2_Ecoli_Hackflex_10_Takara_01ng_TSB_b_AAGAGGCA_TACTCCTT_R2.fastq.gz
Ecoli_Hackflex_10_Takara_100ng_noTSB_a	11522_11845_115462_H3HCVAFX2_Ecoli_Hackflex_10_Takara_100ng_noTSB_a_GTAGAGGA_TATGCAGT_R1.fastq.gz	11522_11845_115462_H3HCVAFX2_Ecoli_Hackflex_10_Takara_100ng_noTSB_a_GTAGAGGA_TATGCAGT_R2.fastq.gz
Ecoli_Hackflex_10_Takara_100ng_noTSB_b	11522_11845_115462_H3HCVAFX2_Ecoli_Hackflex_10_Takara_100ng_noTSB_b_GTAGAGGA_CGGAGAGA_R1.fastq.gz	11522_11845_115462_H3HCVAFX2_Ecoli_Hackflex_10_Takara_100ng_noTSB_b_GTAGAGGA_CGGAGAGA_R2.fastq.gz
Ecoli_Hackflex_10_Takara_100ng_TSB_a	11522_11845_115462_H3HCVAFX2_Ecoli_Hackflex_10_Takara_100ng_TSB_a_AAGAGGCA_TATGCAGT_R1.fastq.gz	11522_11845_115462_H3HCVAFX2_Ecoli_Hackflex_10_Takara_100ng_TSB_a_AAGAGGCA_TATGCAGT_R2.fastq.gz
Ecoli_Hackflex_10_Takara_100ng_TSB_b	11522_11845_115462_H3HCVAFX2_Ecoli_Hackflex_10_Takara_100ng_TSB_b_AAGAGGCA_CGGAGAGA_R1.fastq.gz	11522_11845_115462_H3HCVAFX2_Ecoli_Hackflex_10_Takara_100ng_TSB_b_AAGAGGCA_CGGAGAGA_R2.fastq.gz
Ecoli_Hackflex_10_Takara_10ng_noTSB_a	11522_11845_115462_H3HCVAFX2_Ecoli_Hackflex_10_Takara_10ng_noTSB_a_GTAGAGGA_CTCCTTAC_R1.fastq.gz	11522_11845_115462_H3HCVAFX2_Ecoli_Hackflex_10_Takara_10ng_noTSB_a_GTAGAGGA_CTCCTTAC_R2.fastq.gz
Ecoli_Hackflex_10_Takara_10ng_noTSB_b	11522_11845_115462_H3HCVAFX2_Ecoli_Hackflex_10_Takara_10ng_noTSB_b_GTAGAGGA_ATTAGACG_R1.fastq.gz	11522_11845_115462_H3HCVAFX2_Ecoli_Hackflex_10_Takara_10ng_noTSB_b_GTAGAGGA_ATTAGACG_R2.fastq.gz
Ecoli_Hackflex_10_Takara_10ng_TSB_a	11522_11845_115462_H3HCVAFX2_Ecoli_Hackflex_10_Takara_10ng_TSB_a_AAGAGGCA_CTCCTTAC_R1.fastq.gz	11522_11845_115462_H3HCVAFX2_Ecoli_Hackflex_10_Takara_10ng_TSB_a_AAGAGGCA_CTCCTTAC_R2.fastq.gz
Ecoli_Hackflex_10_Takara_10ng_TSB_b	11522_11845_115462_H3HCVAFX2_Ecoli_Hackflex_10_Takara_10ng_TSB_b_AAGAGGCA_ATTAGACG_R1.fastq.gz	11522_11845_115462_H3HCVAFX2_Ecoli_Hackflex_10_Takara_10ng_TSB_b_AAGAGGCA_ATTAGACG_R2.fastq.gz
Ecoli_Hackflex_10_Takara_1ng_noTSB_a	11522_11845_115462_H3HCVAFX2_Ecoli_Hackflex_10_Takara_1ng_noTSB_a_GTAGAGGA_AGAGGATA_R1.fastq.gz	11522_11845_115462_H3HCVAFX2_Ecoli_Hackflex_10_Takara_1ng_noTSB_a_GTAGAGGA_AGAGGATA_R2.fastq.gz
Ecoli_Hackflex_10_Takara_1ng_noTSB_b	11522_11845_115462_H3HCVAFX2_Ecoli_Hackflex_10_Takara_1ng_noTSB_b_GTAGAGGA_AGGCTTAG_R1.fastq.gz	11522_11845_115462_H3HCVAFX2_Ecoli_Hackflex_10_Takara_1ng_noTSB_b_GTAGAGGA_AGGCTTAG_R2.fastq.gz
Ecoli_Hackflex_10_Takara_1ng_TSB_a	11522_11845_115462_H3HCVAFX2_Ecoli_Hackflex_10_Takara_1ng_TSB_a_AAGAGGCA_AGAGGATA_R1.fastq.gz	11522_11845_115462_H3HCVAFX2_Ecoli_Hackflex_10_Takara_1ng_TSB_a_AAGAGGCA_AGAGGATA_R2.fastq.gz
Ecoli_Hackflex_10_Takara_1ng_TSB_b	11522_11845_115462_H3HCVAFX2_Ecoli_Hackflex_10_Takara_1ng_TSB_b_AAGAGGCA_AGGCTTAG_R1.fastq.gz	11522_11845_115462_H3HCVAFX2_Ecoli_Hackflex_10_Takara_1ng_TSB_b_AAGAGGCA_AGGCTTAG_R2.fastq.gz
Ecoli_HackFlex_45uL_100ng_a	11522_11845_115462_H3HCVAFX2_Ecoli_HackFlex_45uL_100ng_a_CCTCGTTA_TTCCGCAA_R1.fastq.gz	11522_11845_115462_H3HCVAFX2_Ecoli_HackFlex_45uL_100ng_a_CCTCGTTA_TTCCGCAA_R2.fastq.gz
Ecoli_HackFlex_45uL_100ng_b	11522_11845_115462_H3HCVAFX2_Ecoli_HackFlex_45uL_100ng_b_CTCTCAGA_TTCCGCAA_R1.fastq.gz	11522_11845_115462_H3HCVAFX2_Ecoli_HackFlex_45uL_100ng_b_CTCTCAGA_TTCCGCAA_R2.fastq.gz
Ecoli_HackFlex_45uL_10ng_a	11522_11845_115462_H3HCVAFX2_Ecoli_HackFlex_45uL_10ng_a_AGAAGCCT_TTCCGCAA_R1.fastq.gz	11522_11845_115462_H3HCVAFX2_Ecoli_HackFlex_45uL_10ng_a_AGAAGCCT_TTCCGCAA_R2.fastq.gz
Ecoli_HackFlex_45uL_10ng_b	11522_11845_115462_H3HCVAFX2_Ecoli_HackFlex_45uL_10ng_b_ATCTCCTG_TTCCGCAA_R1.fastq.gz	11522_11845_115462_H3HCVAFX2_Ecoli_HackFlex_45uL_10ng_b_ATCTCCTG_TTCCGCAA_R2.fastq.gz
Ecoli_Hackflex_5_NEB_01ng_noTSB_a	11522_11845_115462_H3HCVAFX2_Ecoli_Hackflex_5_NEB_01ng_noTSB_a_ATCTCAGG_ATAGAGAG_R1.fastq.gz	11522_11845_115462_H3HCVAFX2_Ecoli_Hackflex_5_NEB_01ng_noTSB_a_ATCTCAGG_ATAGAGAG_R2.fastq.gz
Ecoli_Hackflex_5_NEB_01ng_noTSB_b	11522_11845_115462_H3HCVAFX2_Ecoli_Hackflex_5_NEB_01ng_noTSB_b_ATCTCAGG_TACTCCTT_R1.fastq.gz	11522_11845_115462_H3HCVAFX2_Ecoli_Hackflex_5_NEB_01ng_noTSB_b_ATCTCAGG_TACTCCTT_R2.fastq.gz
Ecoli_Hackflex_5_NEB_01ng_TSB_a	11522_11845_115462_H3HCVAFX2_Ecoli_Hackflex_5_NEB_01ng_TSB_a_GCTCATGA_ATAGAGAG_R1.fastq.gz	11522_11845_115462_H3HCVAFX2_Ecoli_Hackflex_5_NEB_01ng_TSB_a_GCTCATGA_ATAGAGAG_R2.fastq.gz
Ecoli_Hackflex_5_NEB_01ng_TSB_b	11522_11845_115462_H3HCVAFX2_Ecoli_Hackflex_5_NEB_01ng_TSB_b_GCTCATGA_TACTCCTT_R1.fastq.gz	11522_11845_115462_H3HCVAFX2_Ecoli_Hackflex_5_NEB_01ng_TSB_b_GCTCATGA_TACTCCTT_R2.fastq.gz
Ecoli_Hackflex_5_NEB_100ng_noTSB_a	11522_11845_115462_H3HCVAFX2_Ecoli_Hackflex_5_NEB_100ng_noTSB_a_ATCTCAGG_TATGCAGT_R1.fastq.gz	11522_11845_115462_H3HCVAFX2_Ecoli_Hackflex_5_NEB_100ng_noTSB_a_ATCTCAGG_TATGCAGT_R2.fastq.gz
Ecoli_Hackflex_5_NEB_100ng_noTSB_b	11522_11845_115462_H3HCVAFX2_Ecoli_Hackflex_5_NEB_100ng_noTSB_b_ATCTCAGG_CGGAGAGA_R1.fastq.gz	11522_11845_115462_H3HCVAFX2_Ecoli_Hackflex_5_NEB_100ng_noTSB_b_ATCTCAGG_CGGAGAGA_R2.fastq.gz
Ecoli_Hackflex_5_NEB_100ng_TSB_a	11522_11845_115462_H3HCVAFX2_Ecoli_Hackflex_5_NEB_100ng_TSB_a_GCTCATGA_TATGCAGT_R1.fastq.gz	11522_11845_115462_H3HCVAFX2_Ecoli_Hackflex_5_NEB_100ng_TSB_a_GCTCATGA_TATGCAGT_R2.fastq.gz
Ecoli_Hackflex_5_NEB_100ng_TSB_b	11522_11845_115462_H3HCVAFX2_Ecoli_Hackflex_5_NEB_100ng_TSB_b_GCTCATGA_CGGAGAGA_R1.fastq.gz	11522_11845_115462_H3HCVAFX2_Ecoli_Hackflex_5_NEB_100ng_TSB_b_GCTCATGA_CGGAGAGA_R2.fastq.gz
Ecoli_Hackflex_5_NEB_10ng_noTSB_a	11522_11845_115462_H3HCVAFX2_Ecoli_Hackflex_5_NEB_10ng_noTSB_a_ATCTCAGG_CTCCTTAC_R1.fastq.gz	11522_11845_115462_H3HCVAFX2_Ecoli_Hackflex_5_NEB_10ng_noTSB_a_ATCTCAGG_CTCCTTAC_R2.fastq.gz
Ecoli_Hackflex_5_NEB_10ng_noTSB_b	11522_11845_115462_H3HCVAFX2_Ecoli_Hackflex_5_NEB_10ng_noTSB_b_ATCTCAGG_ATTAGACG_R1.fastq.gz	11522_11845_115462_H3HCVAFX2_Ecoli_Hackflex_5_NEB_10ng_noTSB_b_ATCTCAGG_ATTAGACG_R2.fastq.gz
Ecoli_Hackflex_5_NEB_10ng_TSB_a	11522_11845_115462_H3HCVAFX2_Ecoli_Hackflex_5_NEB_10ng_TSB_a_GCTCATGA_CTCCTTAC_R1.fastq.gz	11522_11845_115462_H3HCVAFX2_Ecoli_Hackflex_5_NEB_10ng_TSB_a_GCTCATGA_CTCCTTAC_R2.fastq.gz
Ecoli_Hackflex_5_NEB_10ng_TSB_b	11522_11845_115462_H3HCVAFX2_Ecoli_Hackflex_5_NEB_10ng_TSB_b_GCTCATGA_ATTAGACG_R1.fastq.gz	11522_11845_115462_H3HCVAFX2_Ecoli_Hackflex_5_NEB_10ng_TSB_b_GCTCATGA_ATTAGACG_R2.fastq.gz
Ecoli_Hackflex_5_NEB_1ng_noTSB_a	11522_11845_115462_H3HCVAFX2_Ecoli_Hackflex_5_NEB_1ng_noTSB_a_ATCTCAGG_AGAGGATA_R1.fastq.gz	11522_11845_115462_H3HCVAFX2_Ecoli_Hackflex_5_NEB_1ng_noTSB_a_ATCTCAGG_AGAGGATA_R2.fastq.gz
Ecoli_Hackflex_5_NEB_1ng_noTSB_b	11522_11845_115462_H3HCVAFX2_Ecoli_Hackflex_5_NEB_1ng_noTSB_b_ATCTCAGG_AGGCTTAG_R1.fastq.gz	11522_11845_115462_H3HCVAFX2_Ecoli_Hackflex_5_NEB_1ng_noTSB_b_ATCTCAGG_AGGCTTAG_R2.fastq.gz
Ecoli_Hackflex_5_NEB_1ng_TSB_a	11522_11845_115462_H3HCVAFX2_Ecoli_Hackflex_5_NEB_1ng_TSB_a_GCTCATGA_AGAGGATA_R1.fastq.gz	11522_11845_115462_H3HCVAFX2_Ecoli_Hackflex_5_NEB_1ng_TSB_a_GCTCATGA_AGAGGATA_R2.fastq.gz
Ecoli_Hackflex_5_NEB_1ng_TSB_b	11522_11845_115462_H3HCVAFX2_Ecoli_Hackflex_5_NEB_1ng_TSB_b_GCTCATGA_AGGCTTAG_R1.fastq.gz	11522_11845_115462_H3HCVAFX2_Ecoli_Hackflex_5_NEB_1ng_TSB_b_GCTCATGA_AGGCTTAG_R2.fastq.gz
M22_1	11522_11845_115462_H3HCVAFX2_M22_1_AGAAGTGG_GAATGCGA_R1.fastq.gz	11522_11845_115462_H3HCVAFX2_M22_1_AGAAGTGG_GAATGCGA_R2.fastq.gz
M22_1_SM19	11522_11845_115462_H3HCVAFX2_M22_1_SM19_AGAAGCCT_GAATGCGA_R1.fastq.gz	11522_11845_115462_H3HCVAFX2_M22_1_SM19_AGAAGCCT_GAATGCGA_R2.fastq.gz
M22_2	11522_11845_115462_H3HCVAFX2_M22_2_ATGCCTAG_GAATGCGA_R1.fastq.gz	11522_11845_115462_H3HCVAFX2_M22_2_ATGCCTAG_GAATGCGA_R2.fastq.gz
M22_2_SM11	11522_11845_115462_H3HCVAFX2_M22_2_SM11_ATCTCCTG_GAATGCGA_R1.fastq.gz	11522_11845_115462_H3HCVAFX2_M22_2_SM11_ATCTCCTG_GAATGCGA_R2.fastq.gz
M22_3	11522_11845_115462_H3HCVAFX2_M22_3_CCTTCCAT_GAATGCGA_R1.fastq.gz	11522_11845_115462_H3HCVAFX2_M22_3_CCTTCCAT_GAATGCGA_R2.fastq.gz
M22_4	11522_11845_115462_H3HCVAFX2_M22_4_CTGCCATA_GAATGCGA_R1.fastq.gz	11522_11845_115462_H3HCVAFX2_M22_4_CTGCCATA_GAATGCGA_R2.fastq.gz
M22_5	11522_11845_115462_H3HCVAFX2_M22_5_GCTGAATC_GAATGCGA_R1.fastq.gz	11522_11845_115462_H3HCVAFX2_M22_5_GCTGAATC_GAATGCGA_R2.fastq.gz
M22_6	11522_11845_115462_H3HCVAFX2_M22_6_GTTAAGCG_GAATGCGA_R1.fastq.gz	11522_11845_115462_H3HCVAFX2_M22_6_GTTAAGCG_GAATGCGA_R2.fastq.gz
M22_7	11522_11845_115462_H3HCVAFX2_M22_7_TCTGTCGT_GAATGCGA_R1.fastq.gz	11522_11845_115462_H3HCVAFX2_M22_7_TCTGTCGT_GAATGCGA_R2.fastq.gz
M22_8	11522_11845_115462_H3HCVAFX2_M22_8_TTGGTGCA_GAATGCGA_R1.fastq.gz	11522_11845_115462_H3HCVAFX2_M22_8_TTGGTGCA_GAATGCGA_R2.fastq.gz
NEC_a	11522_11845_115462_H3HCVAFX2_NEC_a_CTAAGACC_TGGTTCGA_R1.fastq.gz	11522_11845_115462_H3HCVAFX2_NEC_a_CTAAGACC_TGGTTCGA_R2.fastq.gz
NEC_b	11522_11845_115462_H3HCVAFX2_NEC_b_ATCGTGGT_GAATGCGA_R1.fastq.gz	11522_11845_115462_H3HCVAFX2_NEC_b_ATCGTGGT_GAATGCGA_R2.fastq.gz
ntc_a	11522_11845_115462_H3HCVAFX2_ntc_a_GTCGTTAC_GAATGCGA_R1.fastq.gz	11522_11845_115462_H3HCVAFX2_ntc_a_GTCGTTAC_GAATGCGA_R2.fastq.gz
ntc_b	11522_11845_115462_H3HCVAFX2_ntc_b_TCGTGCAT_GAATGCGA_R1.fastq.gz	11522_11845_115462_H3HCVAFX2_ntc_b_TCGTGCAT_GAATGCGA_R2.fastq.gz
ntc_c	11522_11845_115462_H3HCVAFX2_ntc_c_TTCGGCTA_GAATGCGA_R1.fastq.gz	11522_11845_115462_H3HCVAFX2_ntc_c_TTCGGCTA_GAATGCGA_R2.fastq.gz
WC-10	11522_11845_115462_H3HCVAFX2_WC-10_AGGCAATG_TGGTTCGA_R1.fastq.gz	11522_11845_115462_H3HCVAFX2_WC-10_AGGCAATG_TGGTTCGA_R2.fastq.gz
WC-11	11522_11845_115462_H3HCVAFX2_WC-11_CACCAGTT_TGGTTCGA_R1.fastq.gz	11522_11845_115462_H3HCVAFX2_WC-11_CACCAGTT_TGGTTCGA_R2.fastq.gz
WC-12	11522_11845_115462_H3HCVAFX2_WC-12_CGAGAGAA_TGGTTCGA_R1.fastq.gz	11522_11845_115462_H3HCVAFX2_WC-12_CGAGAGAA_TGGTTCGA_R2.fastq.gz
WC-13	11522_11845_115462_H3HCVAFX2_WC-13_GAACCTTC_TGGTTCGA_R1.fastq.gz	11522_11845_115462_H3HCVAFX2_WC-13_GAACCTTC_TGGTTCGA_R2.fastq.gz
WC-14	11522_11845_115462_H3HCVAFX2_WC-14_GGAACATG_TGGTTCGA_R1.fastq.gz	11522_11845_115462_H3HCVAFX2_WC-14_GGAACATG_TGGTTCGA_R2.fastq.gz
WC-15	11522_11845_115462_H3HCVAFX2_WC-15_TACAGAGC_TGGTTCGA_R1.fastq.gz	11522_11845_115462_H3HCVAFX2_WC-15_TACAGAGC_TGGTTCGA_R2.fastq.gz
WC-16	11522_11845_115462_H3HCVAFX2_WC-16_TGCCTCAA_TGGTTCGA_R1.fastq.gz	11522_11845_115462_H3HCVAFX2_WC-16_TGCCTCAA_TGGTTCGA_R2.fastq.gz
WC-17	11522_11845_115462_H3HCVAFX2_WC-17_AAGTGCAG_TGGTTCGA_R1.fastq.gz	11522_11845_115462_H3HCVAFX2_WC-17_AAGTGCAG_TGGTTCGA_R2.fastq.gz
WC-18	11522_11845_115462_H3HCVAFX2_WC-18_AGGTAGGA_TGGTTCGA_R1.fastq.gz	11522_11845_115462_H3HCVAFX2_WC-18_AGGTAGGA_TGGTTCGA_R2.fastq.gz
WC-19	11522_11845_115462_H3HCVAFX2_WC-19_CAGAACTG_TGGTTCGA_R1.fastq.gz	11522_11845_115462_H3HCVAFX2_WC-19_CAGAACTG_TGGTTCGA_R2.fastq.gz
WC-1	11522_11845_115462_H3HCVAFX2_WC-1_AACCACTC_TGGTTCGA_R1.fastq.gz	11522_11845_115462_H3HCVAFX2_WC-1_AACCACTC_TGGTTCGA_R2.fastq.gz
WC-21	11522_11845_115462_H3HCVAFX2_WC-21_CGATTCTG_TGGTTCGA_R1.fastq.gz	11522_11845_115462_H3HCVAFX2_WC-21_CGATTCTG_TGGTTCGA_R2.fastq.gz
WC-22	11522_11845_115462_H3HCVAFX2_WC-22_GACCGATA_TGGTTCGA_R1.fastq.gz	11522_11845_115462_H3HCVAFX2_WC-22_GACCGATA_TGGTTCGA_R2.fastq.gz
WC-23	11522_11845_115462_H3HCVAFX2_WC-23_GGAATGTC_TGGTTCGA_R1.fastq.gz	11522_11845_115462_H3HCVAFX2_WC-23_GGAATGTC_TGGTTCGA_R2.fastq.gz
WC-24	11522_11845_115462_H3HCVAFX2_WC-24_TACGGTCT_TGGTTCGA_R1.fastq.gz	11522_11845_115462_H3HCVAFX2_WC-24_TACGGTCT_TGGTTCGA_R2.fastq.gz
WC-25	11522_11845_115462_H3HCVAFX2_WC-25_TGCTCTAC_TGGTTCGA_R1.fastq.gz	11522_11845_115462_H3HCVAFX2_WC-25_TGCTCTAC_TGGTTCGA_R2.fastq.gz
WC-26	11522_11845_115462_H3HCVAFX2_WC-26_ACACTACC_TGGTTCGA_R1.fastq.gz	11522_11845_115462_H3HCVAFX2_WC-26_ACACTACC_TGGTTCGA_R2.fastq.gz
WC-27	11522_11845_115462_H3HCVAFX2_WC-27_AGGTCAAC_TGGTTCGA_R1.fastq.gz	11522_11845_115462_H3HCVAFX2_WC-27_AGGTCAAC_TGGTTCGA_R2.fastq.gz
WC-28	11522_11845_115462_H3HCVAFX2_WC-28_CAGGATGT_TGGTTCGA_R1.fastq.gz	11522_11845_115462_H3HCVAFX2_WC-28_CAGGATGT_TGGTTCGA_R2.fastq.gz
WC-29	11522_11845_115462_H3HCVAFX2_WC-29_CGCAATGT_TGGTTCGA_R1.fastq.gz	11522_11845_115462_H3HCVAFX2_WC-29_CGCAATGT_TGGTTCGA_R2.fastq.gz
WC-2	11522_11845_115462_H3HCVAFX2_WC-2_AGGAACAC_TGGTTCGA_R1.fastq.gz	11522_11845_115462_H3HCVAFX2_WC-2_AGGAACAC_TGGTTCGA_R2.fastq.gz
WC-30	11522_11845_115462_H3HCVAFX2_WC-30_GACTTGTG_TGGTTCGA_R1.fastq.gz	11522_11845_115462_H3HCVAFX2_WC-30_GACTTGTG_TGGTTCGA_R2.fastq.gz
WC-31	11522_11845_115462_H3HCVAFX2_WC-31_GGCGAATA_TGGTTCGA_R1.fastq.gz	11522_11845_115462_H3HCVAFX2_WC-31_GGCGAATA_TGGTTCGA_R2.fastq.gz
WC-32	11522_11845_115462_H3HCVAFX2_WC-32_TACTGCTC_TGGTTCGA_R1.fastq.gz	11522_11845_115462_H3HCVAFX2_WC-32_TACTGCTC_TGGTTCGA_R2.fastq.gz
WC-33	11522_11845_115462_H3HCVAFX2_WC-33_TGCTTGCT_TGGTTCGA_R1.fastq.gz	11522_11845_115462_H3HCVAFX2_WC-33_TGCTTGCT_TGGTTCGA_R2.fastq.gz
WC-34	11522_11845_115462_H3HCVAFX2_WC-34_ACAGTGAC_TGGTTCGA_R1.fastq.gz	11522_11845_115462_H3HCVAFX2_WC-34_ACAGTGAC_TGGTTCGA_R2.fastq.gz
WC-35	11522_11845_115462_H3HCVAFX2_WC-35_AGGTGTTG_TGGTTCGA_R1.fastq.gz	11522_11845_115462_H3HCVAFX2_WC-35_AGGTGTTG_TGGTTCGA_R2.fastq.gz
WC-36	11522_11845_115462_H3HCVAFX2_WC-36_CAGGTTCA_TGGTTCGA_R1.fastq.gz	11522_11845_115462_H3HCVAFX2_WC-36_CAGGTTCA_TGGTTCGA_R2.fastq.gz
WC-37	11522_11845_115462_H3HCVAFX2_WC-37_CGGAGTAT_TGGTTCGA_R1.fastq.gz	11522_11845_115462_H3HCVAFX2_WC-37_CGGAGTAT_TGGTTCGA_R2.fastq.gz
WC-38	11522_11845_115462_H3HCVAFX2_WC-38_GAGCTCTA_TGGTTCGA_R1.fastq.gz	11522_11845_115462_H3HCVAFX2_WC-38_GAGCTCTA_TGGTTCGA_R2.fastq.gz
WC-39	11522_11845_115462_H3HCVAFX2_WC-39_GGTACGAA_TGGTTCGA_R1.fastq.gz	11522_11845_115462_H3HCVAFX2_WC-39_GGTACGAA_TGGTTCGA_R2.fastq.gz
WC-3	11522_11845_115462_H3HCVAFX2_WC-3_CACAGACT_TGGTTCGA_R1.fastq.gz	11522_11845_115462_H3HCVAFX2_WC-3_CACAGACT_TGGTTCGA_R2.fastq.gz
WC-40	11522_11845_115462_H3HCVAFX2_WC-40_TAGCTTCC_TGGTTCGA_R1.fastq.gz	11522_11845_115462_H3HCVAFX2_WC-40_TAGCTTCC_TGGTTCGA_R2.fastq.gz
WC-41	11522_11845_115462_H3HCVAFX2_WC-41_TGGCTCTT_TGGTTCGA_R1.fastq.gz	11522_11845_115462_H3HCVAFX2_WC-41_TGGCTCTT_TGGTTCGA_R2.fastq.gz
WC-42	11522_11845_115462_H3HCVAFX2_WC-42_ACCAAGCA_TGGTTCGA_R1.fastq.gz	11522_11845_115462_H3HCVAFX2_WC-42_ACCAAGCA_TGGTTCGA_R2.fastq.gz
WC-43	11522_11845_115462_H3HCVAFX2_WC-43_AGTACACG_TGGTTCGA_R1.fastq.gz	11522_11845_115462_H3HCVAFX2_WC-43_AGTACACG_TGGTTCGA_R2.fastq.gz
WC-44	11522_11845_115462_H3HCVAFX2_WC-44_CATACGGA_TGGTTCGA_R1.fastq.gz	11522_11845_115462_H3HCVAFX2_WC-44_CATACGGA_TGGTTCGA_R2.fastq.gz
WC-45	11522_11845_115462_H3HCVAFX2_WC-45_GAGTGTGT_TGGTTCGA_R1.fastq.gz	11522_11845_115462_H3HCVAFX2_WC-45_GAGTGTGT_TGGTTCGA_R2.fastq.gz
WC-46	11522_11845_115462_H3HCVAFX2_WC-46_GGTTAGCT_TGGTTCGA_R1.fastq.gz	11522_11845_115462_H3HCVAFX2_WC-46_GGTTAGCT_TGGTTCGA_R2.fastq.gz
WC-47	11522_11845_115462_H3HCVAFX2_WC-47_TATGGCAC_TGGTTCGA_R1.fastq.gz	11522_11845_115462_H3HCVAFX2_WC-47_TATGGCAC_TGGTTCGA_R2.fastq.gz
WC-48	11522_11845_115462_H3HCVAFX2_WC-48_TGGTTCGA_TGGTTCGA_R1.fastq.gz	11522_11845_115462_H3HCVAFX2_WC-48_TGGTTCGA_TGGTTCGA_R2.fastq.gz
WC-49	11522_11845_115462_H3HCVAFX2_WC-49_ACGAACGA_TGGTTCGA_R1.fastq.gz	11522_11845_115462_H3HCVAFX2_WC-49_ACGAACGA_TGGTTCGA_R2.fastq.gz
WC-4	11522_11845_115462_H3HCVAFX2_WC-4_CCTTGGAA_TGGTTCGA_R1.fastq.gz	11522_11845_115462_H3HCVAFX2_WC-4_CCTTGGAA_TGGTTCGA_R2.fastq.gz
WC-50	11522_11845_115462_H3HCVAFX2_WC-50_AGTCAGGT_TGGTTCGA_R1.fastq.gz	11522_11845_115462_H3HCVAFX2_WC-50_AGTCAGGT_TGGTTCGA_R2.fastq.gz
WC-5-10	11522_11845_115462_H3HCVAFX2_WC-5-10_CCTTCCAT_TGGTTCGA_R1.fastq.gz	11522_11845_115462_H3HCVAFX2_WC-5-10_CCTTCCAT_TGGTTCGA_R2.fastq.gz
WC-5-11	11522_11845_115462_H3HCVAFX2_WC-5-11_CTGCCATA_TGGTTCGA_R1.fastq.gz	11522_11845_115462_H3HCVAFX2_WC-5-11_CTGCCATA_TGGTTCGA_R2.fastq.gz
WC-5-12	11522_11845_115462_H3HCVAFX2_WC-5-12_GCTGAATC_TGGTTCGA_R1.fastq.gz	11522_11845_115462_H3HCVAFX2_WC-5-12_GCTGAATC_TGGTTCGA_R2.fastq.gz
WC-5-13	11522_11845_115462_H3HCVAFX2_WC-5-13_GTTAAGCG_TGGTTCGA_R1.fastq.gz	11522_11845_115462_H3HCVAFX2_WC-5-13_GTTAAGCG_TGGTTCGA_R2.fastq.gz
WC-5-14	11522_11845_115462_H3HCVAFX2_WC-5-14_TCTGTCGT_TGGTTCGA_R1.fastq.gz	11522_11845_115462_H3HCVAFX2_WC-5-14_TCTGTCGT_TGGTTCGA_R2.fastq.gz
WC-5-15	11522_11845_115462_H3HCVAFX2_WC-5-15_TTGGTGCA_TGGTTCGA_R1.fastq.gz	11522_11845_115462_H3HCVAFX2_WC-5-15_TTGGTGCA_TGGTTCGA_R2.fastq.gz
WC-5-16	11522_11845_115462_H3HCVAFX2_WC-5-16_AACCACTC_GAATGCGA_R1.fastq.gz	11522_11845_115462_H3HCVAFX2_WC-5-16_AACCACTC_GAATGCGA_R2.fastq.gz
WC-5-17	11522_11845_115462_H3HCVAFX2_WC-5-17_AGGAACAC_GAATGCGA_R1.fastq.gz	11522_11845_115462_H3HCVAFX2_WC-5-17_AGGAACAC_GAATGCGA_R2.fastq.gz
WC-5-18	11522_11845_115462_H3HCVAFX2_WC-5-18_CACAGACT_GAATGCGA_R1.fastq.gz	11522_11845_115462_H3HCVAFX2_WC-5-18_CACAGACT_GAATGCGA_R2.fastq.gz
WC-5-19	11522_11845_115462_H3HCVAFX2_WC-5-19_CCTTGGAA_GAATGCGA_R1.fastq.gz	11522_11845_115462_H3HCVAFX2_WC-5-19_CCTTGGAA_GAATGCGA_R2.fastq.gz
WC-5-1	11522_11845_115462_H3HCVAFX2_WC-5-1_ATCTCCTG_TGGTTCGA_R1.fastq.gz	11522_11845_115462_H3HCVAFX2_WC-5-1_ATCTCCTG_TGGTTCGA_R2.fastq.gz
WC-51	11522_11845_115462_H3HCVAFX2_WC-51_CATGAGCA_TGGTTCGA_R1.fastq.gz	11522_11845_115462_H3HCVAFX2_WC-51_CATGAGCA_TGGTTCGA_R2.fastq.gz
WC-5-20	11522_11845_115462_H3HCVAFX2_WC-5-20_CTTACAGC_GAATGCGA_R1.fastq.gz	11522_11845_115462_H3HCVAFX2_WC-5-20_CTTACAGC_GAATGCGA_R2.fastq.gz
WC-5-21	11522_11845_115462_H3HCVAFX2_WC-5-21_GCTGTAAG_GAATGCGA_R1.fastq.gz	11522_11845_115462_H3HCVAFX2_WC-5-21_GCTGTAAG_GAATGCGA_R2.fastq.gz
WC-5-22	11522_11845_115462_H3HCVAFX2_WC-5-22_GTTCCATG_GAATGCGA_R1.fastq.gz	11522_11845_115462_H3HCVAFX2_WC-5-22_GTTCCATG_GAATGCGA_R2.fastq.gz
WC-5-23	11522_11845_115462_H3HCVAFX2_WC-5-23_TCTTACGG_GAATGCGA_R1.fastq.gz	11522_11845_115462_H3HCVAFX2_WC-5-23_TCTTACGG_GAATGCGA_R2.fastq.gz
WC-5-24	11522_11845_115462_H3HCVAFX2_WC-5-24_AAGGCTCT_GAATGCGA_R1.fastq.gz	11522_11845_115462_H3HCVAFX2_WC-5-24_AAGGCTCT_GAATGCGA_R2.fastq.gz
WC-5-25	11522_11845_115462_H3HCVAFX2_WC-5-25_AGGCAATG_GAATGCGA_R1.fastq.gz	11522_11845_115462_H3HCVAFX2_WC-5-25_AGGCAATG_GAATGCGA_R2.fastq.gz
WC-5-26	11522_11845_115462_H3HCVAFX2_WC-5-26_CACCAGTT_GAATGCGA_R1.fastq.gz	11522_11845_115462_H3HCVAFX2_WC-5-26_CACCAGTT_GAATGCGA_R2.fastq.gz
WC-5-27	11522_11845_115462_H3HCVAFX2_WC-5-27_CGAGAGAA_GAATGCGA_R1.fastq.gz	11522_11845_115462_H3HCVAFX2_WC-5-27_CGAGAGAA_GAATGCGA_R2.fastq.gz
WC-5-28	11522_11845_115462_H3HCVAFX2_WC-5-28_GAACCTTC_GAATGCGA_R1.fastq.gz	11522_11845_115462_H3HCVAFX2_WC-5-28_GAACCTTC_GAATGCGA_R2.fastq.gz
WC-5-29	11522_11845_115462_H3HCVAFX2_WC-5-29_GGAACATG_GAATGCGA_R1.fastq.gz	11522_11845_115462_H3HCVAFX2_WC-5-29_GGAACATG_GAATGCGA_R2.fastq.gz
WC-5-2	11522_11845_115462_H3HCVAFX2_WC-5-2_CCTCGTTA_TGGTTCGA_R1.fastq.gz	11522_11845_115462_H3HCVAFX2_WC-5-2_CCTCGTTA_TGGTTCGA_R2.fastq.gz
WC-52	11522_11845_115462_H3HCVAFX2_WC-52_CTACATCC_TGGTTCGA_R1.fastq.gz	11522_11845_115462_H3HCVAFX2_WC-52_CTACATCC_TGGTTCGA_R2.fastq.gz
WC-5-30	11522_11845_115462_H3HCVAFX2_WC-5-30_TACAGAGC_GAATGCGA_R1.fastq.gz	11522_11845_115462_H3HCVAFX2_WC-5-30_TACAGAGC_GAATGCGA_R2.fastq.gz
WC-5-31	11522_11845_115462_H3HCVAFX2_WC-5-31_TGCCTCAA_GAATGCGA_R1.fastq.gz	11522_11845_115462_H3HCVAFX2_WC-5-31_TGCCTCAA_GAATGCGA_R2.fastq.gz
WC-5-32	11522_11845_115462_H3HCVAFX2_WC-5-32_AAGTGCAG_GAATGCGA_R1.fastq.gz	11522_11845_115462_H3HCVAFX2_WC-5-32_AAGTGCAG_GAATGCGA_R2.fastq.gz
WC-5-33	11522_11845_115462_H3HCVAFX2_WC-5-33_AGGTAGGA_GAATGCGA_R1.fastq.gz	11522_11845_115462_H3HCVAFX2_WC-5-33_AGGTAGGA_GAATGCGA_R2.fastq.gz
WC-5-34	11522_11845_115462_H3HCVAFX2_WC-5-34_CAGAACTG_GAATGCGA_R1.fastq.gz	11522_11845_115462_H3HCVAFX2_WC-5-34_CAGAACTG_GAATGCGA_R2.fastq.gz
WC-5-35	11522_11845_115462_H3HCVAFX2_WC-5-35_CGATTCTG_GAATGCGA_R1.fastq.gz	11522_11845_115462_H3HCVAFX2_WC-5-35_CGATTCTG_GAATGCGA_R2.fastq.gz
WC-5-36	11522_11845_115462_H3HCVAFX2_WC-5-36_GACCGATA_GAATGCGA_R1.fastq.gz	11522_11845_115462_H3HCVAFX2_WC-5-36_GACCGATA_GAATGCGA_R2.fastq.gz
WC-5-37	11522_11845_115462_H3HCVAFX2_WC-5-37_GGAATGTC_GAATGCGA_R1.fastq.gz	11522_11845_115462_H3HCVAFX2_WC-5-37_GGAATGTC_GAATGCGA_R2.fastq.gz
WC-5-38	11522_11845_115462_H3HCVAFX2_WC-5-38_TACGGTCT_GAATGCGA_R1.fastq.gz	11522_11845_115462_H3HCVAFX2_WC-5-38_TACGGTCT_GAATGCGA_R2.fastq.gz
WC-5-39	11522_11845_115462_H3HCVAFX2_WC-5-39_TGCTCTAC_GAATGCGA_R1.fastq.gz	11522_11845_115462_H3HCVAFX2_WC-5-39_TGCTCTAC_GAATGCGA_R2.fastq.gz
WC-5-3	11522_11845_115462_H3HCVAFX2_WC-5-3_CTCTCAGA_TGGTTCGA_R1.fastq.gz	11522_11845_115462_H3HCVAFX2_WC-5-3_CTCTCAGA_TGGTTCGA_R2.fastq.gz
WC-53	11522_11845_115462_H3HCVAFX2_WC-53_GATCTTGC_TGGTTCGA_R1.fastq.gz	11522_11845_115462_H3HCVAFX2_WC-53_GATCTTGC_TGGTTCGA_R2.fastq.gz
WC-5-40	11522_11845_115462_H3HCVAFX2_WC-5-40_ACACTACC_GAATGCGA_R1.fastq.gz	11522_11845_115462_H3HCVAFX2_WC-5-40_ACACTACC_GAATGCGA_R2.fastq.gz
WC-5-41	11522_11845_115462_H3HCVAFX2_WC-5-41_AGGTCAAC_GAATGCGA_R1.fastq.gz	11522_11845_115462_H3HCVAFX2_WC-5-41_AGGTCAAC_GAATGCGA_R2.fastq.gz
WC-5-42	11522_11845_115462_H3HCVAFX2_WC-5-42_CAGGATGT_GAATGCGA_R1.fastq.gz	11522_11845_115462_H3HCVAFX2_WC-5-42_CAGGATGT_GAATGCGA_R2.fastq.gz
WC-5-43	11522_11845_115462_H3HCVAFX2_WC-5-43_CGCAATGT_GAATGCGA_R1.fastq.gz	11522_11845_115462_H3HCVAFX2_WC-5-43_CGCAATGT_GAATGCGA_R2.fastq.gz
WC-5-44	11522_11845_115462_H3HCVAFX2_WC-5-44_GACTTGTG_GAATGCGA_R1.fastq.gz	11522_11845_115462_H3HCVAFX2_WC-5-44_GACTTGTG_GAATGCGA_R2.fastq.gz
WC-5-45	11522_11845_115462_H3HCVAFX2_WC-5-45_GGCGAATA_GAATGCGA_R1.fastq.gz	11522_11845_115462_H3HCVAFX2_WC-5-45_GGCGAATA_GAATGCGA_R2.fastq.gz
WC-5-46	11522_11845_115462_H3HCVAFX2_WC-5-46_TACTGCTC_GAATGCGA_R1.fastq.gz	11522_11845_115462_H3HCVAFX2_WC-5-46_TACTGCTC_GAATGCGA_R2.fastq.gz
WC-5-47	11522_11845_115462_H3HCVAFX2_WC-5-47_TGCTTGCT_GAATGCGA_R1.fastq.gz	11522_11845_115462_H3HCVAFX2_WC-5-47_TGCTTGCT_GAATGCGA_R2.fastq.gz
WC-5-48	11522_11845_115462_H3HCVAFX2_WC-5-48_ACAGTGAC_GAATGCGA_R1.fastq.gz	11522_11845_115462_H3HCVAFX2_WC-5-48_ACAGTGAC_GAATGCGA_R2.fastq.gz
WC-5-49	11522_11845_115462_H3HCVAFX2_WC-5-49_AGGTGTTG_GAATGCGA_R1.fastq.gz	11522_11845_115462_H3HCVAFX2_WC-5-49_AGGTGTTG_GAATGCGA_R2.fastq.gz
WC-5-4	11522_11845_115462_H3HCVAFX2_WC-5-4_GCCTTCTT_TGGTTCGA_R1.fastq.gz	11522_11845_115462_H3HCVAFX2_WC-5-4_GCCTTCTT_TGGTTCGA_R2.fastq.gz
WC-54	11522_11845_115462_H3HCVAFX2_WC-54_GTAACCGA_TGGTTCGA_R1.fastq.gz	11522_11845_115462_H3HCVAFX2_WC-54_GTAACCGA_TGGTTCGA_R2.fastq.gz
WC-5-50	11522_11845_115462_H3HCVAFX2_WC-5-50_CAGGTTCA_GAATGCGA_R1.fastq.gz	11522_11845_115462_H3HCVAFX2_WC-5-50_CAGGTTCA_GAATGCGA_R2.fastq.gz
WC-5-51	11522_11845_115462_H3HCVAFX2_WC-5-51_CGGAGTAT_GAATGCGA_R1.fastq.gz	11522_11845_115462_H3HCVAFX2_WC-5-51_CGGAGTAT_GAATGCGA_R2.fastq.gz
WC-5-52	11522_11845_115462_H3HCVAFX2_WC-5-52_GAGCTCTA_GAATGCGA_R1.fastq.gz	11522_11845_115462_H3HCVAFX2_WC-5-52_GAGCTCTA_GAATGCGA_R2.fastq.gz
WC-5-53	11522_11845_115462_H3HCVAFX2_WC-5-53_GGTACGAA_GAATGCGA_R1.fastq.gz	11522_11845_115462_H3HCVAFX2_WC-5-53_GGTACGAA_GAATGCGA_R2.fastq.gz
WC-5-54	11522_11845_115462_H3HCVAFX2_WC-5-54_TAGCTTCC_GAATGCGA_R1.fastq.gz	11522_11845_115462_H3HCVAFX2_WC-5-54_TAGCTTCC_GAATGCGA_R2.fastq.gz
WC-5-55	11522_11845_115462_H3HCVAFX2_WC-5-55_TGGCTCTT_GAATGCGA_R1.fastq.gz	11522_11845_115462_H3HCVAFX2_WC-5-55_TGGCTCTT_GAATGCGA_R2.fastq.gz
WC-5-56	11522_11845_115462_H3HCVAFX2_WC-5-56_ACCAAGCA_GAATGCGA_R1.fastq.gz	11522_11845_115462_H3HCVAFX2_WC-5-56_ACCAAGCA_GAATGCGA_R2.fastq.gz
WC-5-57	11522_11845_115462_H3HCVAFX2_WC-5-57_AGTACACG_GAATGCGA_R1.fastq.gz	11522_11845_115462_H3HCVAFX2_WC-5-57_AGTACACG_GAATGCGA_R2.fastq.gz
WC-5-58	11522_11845_115462_H3HCVAFX2_WC-5-58_CATACGGA_GAATGCGA_R1.fastq.gz	11522_11845_115462_H3HCVAFX2_WC-5-58_CATACGGA_GAATGCGA_R2.fastq.gz
WC-5-59	11522_11845_115462_H3HCVAFX2_WC-5-59_CTAAGACC_GAATGCGA_R1.fastq.gz	11522_11845_115462_H3HCVAFX2_WC-5-59_CTAAGACC_GAATGCGA_R2.fastq.gz
WC-5-5	11522_11845_115462_H3HCVAFX2_WC-5-5_GTGGTATG_TGGTTCGA_R1.fastq.gz	11522_11845_115462_H3HCVAFX2_WC-5-5_GTGGTATG_TGGTTCGA_R2.fastq.gz
WC-55	11522_11845_115462_H3HCVAFX2_WC-55_TCACCTAG_TGGTTCGA_R1.fastq.gz	11522_11845_115462_H3HCVAFX2_WC-55_TCACCTAG_TGGTTCGA_R2.fastq.gz
WC-5-60	11522_11845_115462_H3HCVAFX2_WC-5-60_GAGTGTGT_GAATGCGA_R1.fastq.gz	11522_11845_115462_H3HCVAFX2_WC-5-60_GAGTGTGT_GAATGCGA_R2.fastq.gz
WC-5-61	11522_11845_115462_H3HCVAFX2_WC-5-61_GGTTAGCT_GAATGCGA_R1.fastq.gz	11522_11845_115462_H3HCVAFX2_WC-5-61_GGTTAGCT_GAATGCGA_R2.fastq.gz
WC-5-62	11522_11845_115462_H3HCVAFX2_WC-5-62_TATGGCAC_GAATGCGA_R1.fastq.gz	11522_11845_115462_H3HCVAFX2_WC-5-62_TATGGCAC_GAATGCGA_R2.fastq.gz
WC-5-63	11522_11845_115462_H3HCVAFX2_WC-5-63_TGGTTCGA_GAATGCGA_R1.fastq.gz	11522_11845_115462_H3HCVAFX2_WC-5-63_TGGTTCGA_GAATGCGA_R2.fastq.gz
WC-5-64	11522_11845_115462_H3HCVAFX2_WC-5-64_ACGAACGA_GAATGCGA_R1.fastq.gz	11522_11845_115462_H3HCVAFX2_WC-5-64_ACGAACGA_GAATGCGA_R2.fastq.gz
WC-5-65	11522_11845_115462_H3HCVAFX2_WC-5-65_AGTCAGGT_GAATGCGA_R1.fastq.gz	11522_11845_115462_H3HCVAFX2_WC-5-65_AGTCAGGT_GAATGCGA_R2.fastq.gz
WC-5-66	11522_11845_115462_H3HCVAFX2_WC-5-66_CATGAGCA_GAATGCGA_R1.fastq.gz	11522_11845_115462_H3HCVAFX2_WC-5-66_CATGAGCA_GAATGCGA_R2.fastq.gz
WC-5-67	11522_11845_115462_H3HCVAFX2_WC-5-67_CTACATCC_GAATGCGA_R1.fastq.gz	11522_11845_115462_H3HCVAFX2_WC-5-67_CTACATCC_GAATGCGA_R2.fastq.gz
WC-5-68	11522_11845_115462_H3HCVAFX2_WC-5-68_GATCTTGC_GAATGCGA_R1.fastq.gz	11522_11845_115462_H3HCVAFX2_WC-5-68_GATCTTGC_GAATGCGA_R2.fastq.gz
WC-5-69	11522_11845_115462_H3HCVAFX2_WC-5-69_GTAACCGA_GAATGCGA_R1.fastq.gz	11522_11845_115462_H3HCVAFX2_WC-5-69_GTAACCGA_GAATGCGA_R2.fastq.gz
WC-5-6	11522_11845_115462_H3HCVAFX2_WC-5-6_TCTAGGAG_TGGTTCGA_R1.fastq.gz	11522_11845_115462_H3HCVAFX2_WC-5-6_TCTAGGAG_TGGTTCGA_R2.fastq.gz
WC-56	11522_11845_115462_H3HCVAFX2_WC-56_TTACGTGC_TGGTTCGA_R1.fastq.gz	11522_11845_115462_H3HCVAFX2_WC-56_TTACGTGC_TGGTTCGA_R2.fastq.gz
WC-5-70	11522_11845_115462_H3HCVAFX2_WC-5-70_TCACCTAG_GAATGCGA_R1.fastq.gz	11522_11845_115462_H3HCVAFX2_WC-5-70_TCACCTAG_GAATGCGA_R2.fastq.gz
WC-5-71	11522_11845_115462_H3HCVAFX2_WC-5-71_TTACGTGC_GAATGCGA_R1.fastq.gz	11522_11845_115462_H3HCVAFX2_WC-5-71_TTACGTGC_GAATGCGA_R2.fastq.gz
WC-5-72	11522_11845_115462_H3HCVAFX2_WC-5-72_ACGGTACA_GAATGCGA_R1.fastq.gz	11522_11845_115462_H3HCVAFX2_WC-5-72_ACGGTACA_GAATGCGA_R2.fastq.gz
WC-5-73	11522_11845_115462_H3HCVAFX2_WC-5-73_AGTGGCAA_GAATGCGA_R1.fastq.gz	11522_11845_115462_H3HCVAFX2_WC-5-73_AGTGGCAA_GAATGCGA_R2.fastq.gz
WC-5-74	11522_11845_115462_H3HCVAFX2_WC-5-74_CATTGACG_GAATGCGA_R1.fastq.gz	11522_11845_115462_H3HCVAFX2_WC-5-74_CATTGACG_GAATGCGA_R2.fastq.gz
WC-5-75	11522_11845_115462_H3HCVAFX2_WC-5-75_CTAGCTCA_GAATGCGA_R1.fastq.gz	11522_11845_115462_H3HCVAFX2_WC-5-75_CTAGCTCA_GAATGCGA_R2.fastq.gz
WC-5-76	11522_11845_115462_H3HCVAFX2_WC-5-76_GCAGAAGA_GAATGCGA_R1.fastq.gz	11522_11845_115462_H3HCVAFX2_WC-5-76_GCAGAAGA_GAATGCGA_R2.fastq.gz
WC-5-77	11522_11845_115462_H3HCVAFX2_WC-5-77_GTATCGAG_GAATGCGA_R1.fastq.gz	11522_11845_115462_H3HCVAFX2_WC-5-77_GTATCGAG_GAATGCGA_R2.fastq.gz
WC-5-78	11522_11845_115462_H3HCVAFX2_WC-5-78_TCAGTAGG_GAATGCGA_R1.fastq.gz	11522_11845_115462_H3HCVAFX2_WC-5-78_TCAGTAGG_GAATGCGA_R2.fastq.gz
WC-5-79	11522_11845_115462_H3HCVAFX2_WC-5-79_TTCCAGGT_GAATGCGA_R1.fastq.gz	11522_11845_115462_H3HCVAFX2_WC-5-79_TTCCAGGT_GAATGCGA_R2.fastq.gz
WC-57	11522_11845_115462_H3HCVAFX2_WC-57_ACGGTACA_TGGTTCGA_R1.fastq.gz	11522_11845_115462_H3HCVAFX2_WC-57_ACGGTACA_TGGTTCGA_R2.fastq.gz
WC-5-7	11522_11845_115462_H3HCVAFX2_WC-5-7_TTGCAACG_TGGTTCGA_R1.fastq.gz	11522_11845_115462_H3HCVAFX2_WC-5-7_TTGCAACG_TGGTTCGA_R2.fastq.gz
WC-5-80	11522_11845_115462_H3HCVAFX2_WC-5-80_ACTCTCCA_GAATGCGA_R1.fastq.gz	11522_11845_115462_H3HCVAFX2_WC-5-80_ACTCTCCA_GAATGCGA_R2.fastq.gz
WC-5-81	11522_11845_115462_H3HCVAFX2_WC-5-81_ATAACGCC_GAATGCGA_R1.fastq.gz	11522_11845_115462_H3HCVAFX2_WC-5-81_ATAACGCC_GAATGCGA_R2.fastq.gz
WC-5-82	11522_11845_115462_H3HCVAFX2_WC-5-82_CCAAGGTT_GAATGCGA_R1.fastq.gz	11522_11845_115462_H3HCVAFX2_WC-5-82_CCAAGGTT_GAATGCGA_R2.fastq.gz
WC-5-83	11522_11845_115462_H3HCVAFX2_WC-5-83_CTCACCAA_GAATGCGA_R1.fastq.gz	11522_11845_115462_H3HCVAFX2_WC-5-83_CTCACCAA_GAATGCGA_R2.fastq.gz
WC-5-84	11522_11845_115462_H3HCVAFX2_WC-5-84_GCATAGTC_GAATGCGA_R1.fastq.gz	11522_11845_115462_H3HCVAFX2_WC-5-84_GCATAGTC_GAATGCGA_R2.fastq.gz
WC-5-85	11522_11845_115462_H3HCVAFX2_WC-5-85_GTCAACAG_GAATGCGA_R1.fastq.gz	11522_11845_115462_H3HCVAFX2_WC-5-85_GTCAACAG_GAATGCGA_R2.fastq.gz
WC-5-86	11522_11845_115462_H3HCVAFX2_WC-5-86_TCCTGACT_GAATGCGA_R1.fastq.gz	11522_11845_115462_H3HCVAFX2_WC-5-86_TCCTGACT_GAATGCGA_R2.fastq.gz
WC-5-87	11522_11845_115462_H3HCVAFX2_WC-5-87_TTCCTCCT_GAATGCGA_R1.fastq.gz	11522_11845_115462_H3HCVAFX2_WC-5-87_TTCCTCCT_GAATGCGA_R2.fastq.gz
WC-5-88	11522_11845_115462_H3HCVAFX2_WC-5-88_ACTCTGAG_GAATGCGA_R1.fastq.gz	11522_11845_115462_H3HCVAFX2_WC-5-88_ACTCTGAG_GAATGCGA_R2.fastq.gz
WC-5-8	11522_11845_115462_H3HCVAFX2_WC-5-8_AGAAGTGG_TGGTTCGA_R1.fastq.gz	11522_11845_115462_H3HCVAFX2_WC-5-8_AGAAGTGG_TGGTTCGA_R2.fastq.gz
WC-58	11522_11845_115462_H3HCVAFX2_WC-58_AGTGGCAA_TGGTTCGA_R1.fastq.gz	11522_11845_115462_H3HCVAFX2_WC-58_AGTGGCAA_TGGTTCGA_R2.fastq.gz
WC-5-9	11522_11845_115462_H3HCVAFX2_WC-5-9_ATGCCTAG_TGGTTCGA_R1.fastq.gz	11522_11845_115462_H3HCVAFX2_WC-5-9_ATGCCTAG_TGGTTCGA_R2.fastq.gz
WC-59	11522_11845_115462_H3HCVAFX2_WC-59_CATTGACG_TGGTTCGA_R1.fastq.gz	11522_11845_115462_H3HCVAFX2_WC-59_CATTGACG_TGGTTCGA_R2.fastq.gz
WC-5	11522_11845_115462_H3HCVAFX2_WC-5_CTTACAGC_TGGTTCGA_R1.fastq.gz	11522_11845_115462_H3HCVAFX2_WC-5_CTTACAGC_TGGTTCGA_R2.fastq.gz
WC-60	11522_11845_115462_H3HCVAFX2_WC-60_CTAGCTCA_TGGTTCGA_R1.fastq.gz	11522_11845_115462_H3HCVAFX2_WC-60_CTAGCTCA_TGGTTCGA_R2.fastq.gz
WC-61	11522_11845_115462_H3HCVAFX2_WC-61_GCAGAAGA_TGGTTCGA_R1.fastq.gz	11522_11845_115462_H3HCVAFX2_WC-61_GCAGAAGA_TGGTTCGA_R2.fastq.gz
WC-62	11522_11845_115462_H3HCVAFX2_WC-62_GTATCGAG_TGGTTCGA_R1.fastq.gz	11522_11845_115462_H3HCVAFX2_WC-62_GTATCGAG_TGGTTCGA_R2.fastq.gz
WC-63	11522_11845_115462_H3HCVAFX2_WC-63_TCAGTAGG_TGGTTCGA_R1.fastq.gz	11522_11845_115462_H3HCVAFX2_WC-63_TCAGTAGG_TGGTTCGA_R2.fastq.gz
WC-64	11522_11845_115462_H3HCVAFX2_WC-64_TTCCAGGT_TGGTTCGA_R1.fastq.gz	11522_11845_115462_H3HCVAFX2_WC-64_TTCCAGGT_TGGTTCGA_R2.fastq.gz
WC-65	11522_11845_115462_H3HCVAFX2_WC-65_ACTCTCCA_TGGTTCGA_R1.fastq.gz	11522_11845_115462_H3HCVAFX2_WC-65_ACTCTCCA_TGGTTCGA_R2.fastq.gz
WC-66	11522_11845_115462_H3HCVAFX2_WC-66_ATAACGCC_TGGTTCGA_R1.fastq.gz	11522_11845_115462_H3HCVAFX2_WC-66_ATAACGCC_TGGTTCGA_R2.fastq.gz
WC-67	11522_11845_115462_H3HCVAFX2_WC-67_CCAAGGTT_TGGTTCGA_R1.fastq.gz	11522_11845_115462_H3HCVAFX2_WC-67_CCAAGGTT_TGGTTCGA_R2.fastq.gz
WC-68	11522_11845_115462_H3HCVAFX2_WC-68_CTCACCAA_TGGTTCGA_R1.fastq.gz	11522_11845_115462_H3HCVAFX2_WC-68_CTCACCAA_TGGTTCGA_R2.fastq.gz
WC-69	11522_11845_115462_H3HCVAFX2_WC-69_GCATAGTC_TGGTTCGA_R1.fastq.gz	11522_11845_115462_H3HCVAFX2_WC-69_GCATAGTC_TGGTTCGA_R2.fastq.gz
WC-6	11522_11845_115462_H3HCVAFX2_WC-6_GCTGTAAG_TGGTTCGA_R1.fastq.gz	11522_11845_115462_H3HCVAFX2_WC-6_GCTGTAAG_TGGTTCGA_R2.fastq.gz
WC-70	11522_11845_115462_H3HCVAFX2_WC-70_GTCAACAG_TGGTTCGA_R1.fastq.gz	11522_11845_115462_H3HCVAFX2_WC-70_GTCAACAG_TGGTTCGA_R2.fastq.gz
WC-71	11522_11845_115462_H3HCVAFX2_WC-71_TCCTGACT_TGGTTCGA_R1.fastq.gz	11522_11845_115462_H3HCVAFX2_WC-71_TCCTGACT_TGGTTCGA_R2.fastq.gz
WC-72	11522_11845_115462_H3HCVAFX2_WC-72_TTCCTCCT_TGGTTCGA_R1.fastq.gz	11522_11845_115462_H3HCVAFX2_WC-72_TTCCTCCT_TGGTTCGA_R2.fastq.gz
WC-73	11522_11845_115462_H3HCVAFX2_WC-73_ACTCTGAG_TGGTTCGA_R1.fastq.gz	11522_11845_115462_H3HCVAFX2_WC-73_ACTCTGAG_TGGTTCGA_R2.fastq.gz
WC-74	11522_11845_115462_H3HCVAFX2_WC-74_ATCGTGGT_TGGTTCGA_R1.fastq.gz	11522_11845_115462_H3HCVAFX2_WC-74_ATCGTGGT_TGGTTCGA_R2.fastq.gz
WC-75	11522_11845_115462_H3HCVAFX2_WC-75_CCAGTATC_TGGTTCGA_R1.fastq.gz	11522_11845_115462_H3HCVAFX2_WC-75_CCAGTATC_TGGTTCGA_R2.fastq.gz
WC-76	11522_11845_115462_H3HCVAFX2_WC-76_CTCGACTT_TGGTTCGA_R1.fastq.gz	11522_11845_115462_H3HCVAFX2_WC-76_CTCGACTT_TGGTTCGA_R2.fastq.gz
WC-77	11522_11845_115462_H3HCVAFX2_WC-77_GCCTATGT_TGGTTCGA_R1.fastq.gz	11522_11845_115462_H3HCVAFX2_WC-77_GCCTATGT_TGGTTCGA_R2.fastq.gz
WC-78	11522_11845_115462_H3HCVAFX2_WC-78_GTCGTTAC_TGGTTCGA_R1.fastq.gz	11522_11845_115462_H3HCVAFX2_WC-78_GTCGTTAC_TGGTTCGA_R2.fastq.gz
WC-79	11522_11845_115462_H3HCVAFX2_WC-79_TCGTGCAT_TGGTTCGA_R1.fastq.gz	11522_11845_115462_H3HCVAFX2_WC-79_TCGTGCAT_TGGTTCGA_R2.fastq.gz
WC-7	11522_11845_115462_H3HCVAFX2_WC-7_GTTCCATG_TGGTTCGA_R1.fastq.gz	11522_11845_115462_H3HCVAFX2_WC-7_GTTCCATG_TGGTTCGA_R2.fastq.gz
WC-80	11522_11845_115462_H3HCVAFX2_WC-80_TTCGGCTA_TGGTTCGA_R1.fastq.gz	11522_11845_115462_H3HCVAFX2_WC-80_TTCGGCTA_TGGTTCGA_R2.fastq.gz
WC-81	11522_11845_115462_H3HCVAFX2_WC-81_AGAAGCCT_TGGTTCGA_R1.fastq.gz	11522_11845_115462_H3HCVAFX2_WC-81_AGAAGCCT_TGGTTCGA_R2.fastq.gz
WC-8	11522_11845_115462_H3HCVAFX2_WC-8_TCTTACGG_TGGTTCGA_R1.fastq.gz	11522_11845_115462_H3HCVAFX2_WC-8_TCTTACGG_TGGTTCGA_R2.fastq.gz
WC-9	11522_11845_115462_H3HCVAFX2_WC-9_AAGGCTCT_TGGTTCGA_R1.fastq.gz	11522_11845_115462_H3HCVAFX2_WC-9_AAGGCTCT_TGGTTCGA_R2.fastq.gz